field,value
Organization,Meridian Health Network
Headquarters,"Dublin, Ireland"
Primary Service Region,"Greater Dublin Area (Dublin, Kildare, Meath, Wicklow, Louth, Offaly)"
Currency,EUR (€)
Distance Unit,Kilometers (km)
Regulatory Body,Health Information and Quality Authority (HIQA)
Public Health System,HSE (Health Service Executive) - Medical Card / GP Visit Card
Private Insurers Represented,"VHI Healthcare, Laya Healthcare, Irish Life Health"
Reporting Window,2025-08-12 to 2026-08-11 (365 days)
